<?xml version="1.0" encoding="utf-8"?>
<resources>
    <string name="ctestore_appname">应用名称：</string>
    <string name="ctestore_apname">提供商：</string>
    <string name="ctestore_total_price">总金额：</string>
    <string name="ctestore_phonenum">手机号：</string>
    <string name="ctestore_identifying_code">验证码：</string>
    <string name="ctestore_welcome">应用提供商电话：</string>
    <string name="ctestore_sure">确定</string>
    <string name="ctestore_sure_pay">确认支付</string>
    <string name="ctestore_mobile_supply">移动应用服务提供商</string>
    <string name="ctestore_err_init">支付功能初始化异常！</string>
    <string name="ctestore_err_no_net">当前网络未连接，请设置网络后重新尝试！</string>
    <string name="ctestore_err_check">获取支付信息异常，请重新尝试！</string>
    <string name="ctestore_err_check_back">获取支付信息异常，请返回</string>
    <string name="ctestore_err_phonenum">未能识别到您的手机号，或您非中国电信移动用户！</string>
    <string name="ctestore_err_pay">尊敬的用户，商品购买失败。</string>
    <string name="ctestore_err_pay_timeout">尊敬的用户，本次支付超时，商品购买失败，请重新尝试！</string>
    <string name="ctestore_err_repay">尊敬的用户，该商品已经订购，不需要重复购买。</string>
    <string name="ctestore_err_pay_phonenum">尊敬的用户，未能识别到您的手机号码，或您非中国电信移动用户，商品购买失败。</string>
    <string name="ctestore_err_vcode">确认支付超时，请重新尝试！</string>
    <string name="ctestore_err_getcode_timeout">账户安全验证超时，请重新尝试！</string>
    <string name="ctestore_err_no_vcode">账户安全验证异常，请重新尝试！</string>
    <string name="ctestore_err_input_vcode">验证码输入不正确，请重新输入！</string>
    <string name="ctestore_ems_sended">本次支付验证码信息已经发出，请注意查收短信信息。</string>
    <string name="ctestore_err_net_timeout">连接超时或者无网络连接，请检查网络。</string>
    <string name="ctestore_ts_paysuccess">支付请求成功，成功后您将收到短信回执。</string>
    <string name="ctestore_ts_paysuccess_dec">尊敬的用户，商品购买成功</string>
    <string name="ctestore_ts_repaysuccess">商品已购买</string>
    <string name="ctestore_ts_repaysuccess_dec">尊敬的用户，该商品不需要重复购买</string>
    <string name="ctestore_ts_payfaild">支付请求失败，请稍后重试。</string>
    <string name="ctestore_ts_payfaild_dec">尊敬的用户，商品购买失败</string>
    <string name="ctestore_ts_repayfaild_dec">尊敬的用户，该商品已经订购过</string>
    <string name="ctestore_ts_wxts">账户安全验证超时，请重新尝试！\n\n温馨提醒：支付服务需使用验证短信以完成对您的账户验证。为能够成功支付，请允许支付服务能正常接收到短信！</string>
    <string name="ctestore_ts_timeout">确认支付超时，请重新尝试！</string>
    <string name="ctestore_loading">正在启动安全支付服务...</string>
    <string name="ctestore_code_loading">支付短信发送中...</string>
    <string name="ctestore_surepay_loading">正在确认支付...</string>
    <string name="ctestore_smsinfo">本次支付不含通讯费</string>
    <string name="ctestore_user">尊敬的用户</string>
    <string name="ctestore_upay">您即将购买：</string>
    <string name="ctestore_uhuafei">，需支付话费：</string>
    <string name="ctestore_ci">元/次。</string>
    <string name="ctestore_yue">元/月。</string>
    <string name="ctestore_dataerr">数据错误。</string>
    <string name="ctestore_apphonenum">4008-689-689或10000</string>
    <string name="ctestore_wend">，谢谢！</string>
    <string name="ctestore_getinfo">正在获取产品信息...</string>
</resources>